Workbook

Sheet Panduan
A1: Ranel Barber System | ranel.barber.system | RBS-SYSTEM-001 | Versi 1.0 | Disiapkan 2026-10-03
A2: TEMPLATE KOSONG — data tetap di usaha Anda
A3: Isi template Input/Kunjungan, bukan Contoh. Demo tidak boleh dianggap aktivitas nyata. PDF dan Excel/LibreOffice kompatibel diperlukan; tidak ada macros, koneksi eksternal atau upload otomatis.
A4: Alat bantu operasional; bukan software, nasihat legal/medis/pajak, atau jaminan pendapatan, pertumbuhan dan retensi.
A6: [NAMA USAHA] | [HARI/JAM] | [KANAL KONTAK]
A7: Input hanya data minimal. Pakai kode lokal anonim; jangan masukkan telepon/password/database pelanggan.
A8: Kolom formula jangan ditimpa. Blank bukan nol; catatan layanan bukan financial ledger atau profit.
A9: Formula dibatasi 200 baris; untuk memperluas, salin formula dan perluas range ringkasan lalu uji.
A10: Izin follow-up diperiksa terpisah di catatan privat usaha. Kode kunjungan bukan izin promo.
A11: Lisensi penggunaan usaha sendiri; tidak untuk resale/redistribusi. Dukungan/revisi mengikuti kesepakatan.

Sheet Kunjungan
A1: Ranel Barber System | ranel.barber.system | RBS-SYSTEM-001 | Versi 1.0 | Disiapkan 2026-10-03
A2: TEMPLATE KOSONG — data tetap di usaha Anda
A3: Masukkan tanggal dan kode lokal anonim; izin Ya/Tidak adalah catatan operasional, bukan izin otomatis untuk pesan. Jangan memasukkan nama/nomor customer.
A4: Alat bantu operasional; bukan software, nasihat legal/medis/pajak, atau jaminan pendapatan, pertumbuhan dan retensi.
A6: Tanggal | B6: Kode lokal | C6: Izin follow-up Ya/Tidak | D6: Catatan non-sensitif | E6: PIC peran | F6: Status manual

Sheet ContohKunjungan
A1: Ranel Barber System | ranel.barber.system | RBS-SYSTEM-001 | Versi 1.0 | Disiapkan 2026-10-03
A2: DATA CONTOH SINTETIS SAJA
A3: Masukkan tanggal dan kode lokal anonim; izin Ya/Tidak adalah catatan operasional, bukan izin otomatis untuk pesan. Jangan memasukkan nama/nomor customer.
A4: Alat bantu operasional; bukan software, nasihat legal/medis/pajak, atau jaminan pendapatan, pertumbuhan dan retensi.
A6: Tanggal | B6: Kode lokal | C6: Izin follow-up Ya/Tidak | D6: Catatan non-sensitif | E6: PIC peran | F6: Status manual
A7: 46296 | B7: DEMO-A | C7: Ya | D7: Contoh sintetis | E7: Operator | F7: Belum ditinjau
A8: 46297 | B8: DEMO-A | C8: Ya | D8: Contoh sintetis | E8: Operator | F8: Belum ditinjau
A9: 46298 | B9: DEMO-B | C9: Tidak | D9: Contoh sintetis | E9: Operator | F9: Tidak dikirimi pesan

Sheet Tracker
A1: Ranel Barber System | ranel.barber.system | RBS-SYSTEM-001 | Versi 1.0 | Disiapkan 2026-10-03
A2: TEMPLATE KOSONG — data tetap di usaha Anda
A3: Masukkan satu kode unik per baris. Jumlah = COUNTIF kode pada Kunjungan. Repeat berarti ≥2 kunjungan tercatat, bukan jaminan retensi/cohort analytics. Izin dikonfirmasi manual sebelum follow-up.
A4: Alat bantu operasional; bukan software, nasihat legal/medis/pajak, atau jaminan pendapatan, pertumbuhan dan retensi.
A6: Kode lokal unik | B6: Kunjungan tercatat | C6: Repeat Ya/Tidak | D6: Izin terkini (cek manual) | E6: Aksi manual | F6: Review
B7: =IF(A7="","",COUNTIF(Kunjungan!B$7:B$206,A7)) | C7: =IF(A7="","",IF(B7>=2,"Ya","Tidak"))
B8: =IF(A8="","",COUNTIF(Kunjungan!B$7:B$206,A8)) | C8: =IF(A8="","",IF(B8>=2,"Ya","Tidak"))
B9: =IF(A9="","",COUNTIF(Kunjungan!B$7:B$206,A9)) | C9: =IF(A9="","",IF(B9>=2,"Ya","Tidak"))
B10: =IF(A10="","",COUNTIF(Kunjungan!B$7:B$206,A10)) | C10: =IF(A10="","",IF(B10>=2,"Ya","Tidak"))
B11: =IF(A11="","",COUNTIF(Kunjungan!B$7:B$206,A11)) | C11: =IF(A11="","",IF(B11>=2,"Ya","Tidak"))
B12: =IF(A12="","",COUNTIF(Kunjungan!B$7:B$206,A12)) | C12: =IF(A12="","",IF(B12>=2,"Ya","Tidak"))
B13: =IF(A13="","",COUNTIF(Kunjungan!B$7:B$206,A13)) | C13: =IF(A13="","",IF(B13>=2,"Ya","Tidak"))
B14: =IF(A14="","",COUNTIF(Kunjungan!B$7:B$206,A14)) | C14: =IF(A14="","",IF(B14>=2,"Ya","Tidak"))
B15: =IF(A15="","",COUNTIF(Kunjungan!B$7:B$206,A15)) | C15: =IF(A15="","",IF(B15>=2,"Ya","Tidak"))
B16: =IF(A16="","",COUNTIF(Kunjungan!B$7:B$206,A16)) | C16: =IF(A16="","",IF(B16>=2,"Ya","Tidak"))
B17: =IF(A17="","",COUNTIF(Kunjungan!B$7:B$206,A17)) | C17: =IF(A17="","",IF(B17>=2,"Ya","Tidak"))
B18: =IF(A18="","",COUNTIF(Kunjungan!B$7:B$206,A18)) | C18: =IF(A18="","",IF(B18>=2,"Ya","Tidak"))
... B206: =IF(A206="","",COUNTIF(Kunjungan!B$7:B$206,A206)) | C206: =IF(A206="","",IF(B206>=2,"Ya","Tidak"))

Sheet ContohTracker
A1: Ranel Barber System | ranel.barber.system | RBS-SYSTEM-001 | Versi 1.0 | Disiapkan 2026-10-03
A2: DATA CONTOH SINTETIS SAJA
A3: Masukkan satu kode unik per baris. Jumlah = COUNTIF kode pada Kunjungan. Repeat berarti ≥2 kunjungan tercatat, bukan jaminan retensi/cohort analytics. Izin dikonfirmasi manual sebelum follow-up.
A4: Alat bantu operasional; bukan software, nasihat legal/medis/pajak, atau jaminan pendapatan, pertumbuhan dan retensi.
A6: Kode lokal unik | B6: Kunjungan tercatat | C6: Repeat Ya/Tidak | D6: Izin terkini (cek manual) | E6: Aksi manual | F6: Review
A7: DEMO-A | B7: =IF(A7="","",COUNTIF(ContohKunjungan!B$7:B$206,A7)) -> 2 | C7: =IF(A7="","",IF(B7>=2,"Ya","Tidak")) -> Ya
A8: DEMO-B | B8: =IF(A8="","",COUNTIF(ContohKunjungan!B$7:B$206,A8)) -> 1 | C8: =IF(A8="","",IF(B8>=2,"Ya","Tidak")) -> Tidak
B9: =IF(A9="","",COUNTIF(ContohKunjungan!B$7:B$206,A9)) | C9: =IF(A9="","",IF(B9>=2,"Ya","Tidak"))
B10: =IF(A10="","",COUNTIF(ContohKunjungan!B$7:B$206,A10)) | C10: =IF(A10="","",IF(B10>=2,"Ya","Tidak"))
B11: =IF(A11="","",COUNTIF(ContohKunjungan!B$7:B$206,A11)) | C11: =IF(A11="","",IF(B11>=2,"Ya","Tidak"))
B12: =IF(A12="","",COUNTIF(ContohKunjungan!B$7:B$206,A12)) | C12: =IF(A12="","",IF(B12>=2,"Ya","Tidak"))
B13: =IF(A13="","",COUNTIF(ContohKunjungan!B$7:B$206,A13)) | C13: =IF(A13="","",IF(B13>=2,"Ya","Tidak"))
B14: =IF(A14="","",COUNTIF(ContohKunjungan!B$7:B$206,A14)) | C14: =IF(A14="","",IF(B14>=2,"Ya","Tidak"))
B15: =IF(A15="","",COUNTIF(ContohKunjungan!B$7:B$206,A15)) | C15: =IF(A15="","",IF(B15>=2,"Ya","Tidak"))
B16: =IF(A16="","",COUNTIF(ContohKunjungan!B$7:B$206,A16)) | C16: =IF(A16="","",IF(B16>=2,"Ya","Tidak"))
B17: =IF(A17="","",COUNTIF(ContohKunjungan!B$7:B$206,A17)) | C17: =IF(A17="","",IF(B17>=2,"Ya","Tidak"))
B18: =IF(A18="","",COUNTIF(ContohKunjungan!B$7:B$206,A18)) | C18: =IF(A18="","",IF(B18>=2,"Ya","Tidak"))
B19: =IF(A19="","",COUNTIF(ContohKunjungan!B$7:B$206,A19)) | C19: =IF(A19="","",IF(B19>=2,"Ya","Tidak"))
B20: =IF(A20="","",COUNTIF(ContohKunjungan!B$7:B$206,A20)) | C20: =IF(A20="","",IF(B20>=2,"Ya","Tidak"))
... B206: =IF(A206="","",COUNTIF(ContohKunjungan!B$7:B$206,A206)) | C206: =IF(A206="","",IF(B206>=2,"Ya","Tidak"))

Sheet Ringkasan
A1: Ranel Barber System | ranel.barber.system | RBS-SYSTEM-001 | Versi 1.0 | Disiapkan 2026-10-03
A2: TEMPLATE KOSONG — data tetap di usaha Anda
A3: Hanya kode unik yang dimasukkan pada Tracker. Persentase repeat bukan cohort retention dan bukan izin marketing. Tidak ada kontak customer atau pengiriman pesan otomatis.
A4: Alat bantu operasional; bukan software, nasihat legal/medis/pajak, atau jaminan pendapatan, pertumbuhan dan retensi.
A6: Kode ditinjau | B6: =COUNTA(Tracker!A7:A206) -> 0
A7: Kode repeat | B7: =COUNTIF(Tracker!C7:C206,"Ya") -> 0
A8: Proporsi repeat | B8: =IFERROR(B7/B6,0) -> 0
